{"count":1,"self":2648.8383488,"total":7611.7475125,"children":{"AgentSendState":{"count":307467,"self":62.204025599999994,"total":920.284913,"children":{"CollectObservations":{"count":9224010,"self":35.4759296,"total":35.4759301,"children":null},"CollectDiscreteActionMasks":{"count":9224010,"self":10.5342504,"total":10.5342506,"children":null},"AgentInfo.ToProto":{"count":9224010,"self":27.983110399999997,"total":812.07070679999993,"children":{"GenerateSensorData":{"count":9224010,"self":68.9257152,"total":784.0875979,"children":{"RayPerceptionSensor.Perceive":{"count":9224010,"self":715.161856,"total":715.16188149999994,"children":null}}}}}}},"DecideAction":{"count":307467,"self":4041.3437952,"total":4041.3436493,"children":null},"AgentAct":{"count":307467,"self":1.2117938,"total":1.2117938,"children":null},"AgentInfo.ToProto":{"count":525,"self":0.0029917999999999998,"total":0.0677852,"children":{"GenerateSensorData":{"count":525,"self":0.008976,"total":0.0647934,"children":{"RayPerceptionSensor.Perceive":{"count":525,"self":0.055817399999999996,"total":0.055817399999999996,"children":null}}}}}},"gauges":{"Race.CumulativeReward":{"count":525,"max":825.702637,"min":-235.305176,"runningAverage":697.657837,"value":-42.7997,"weightedAverage":478.2662}},"metadata":{"timer_format_version":"0.1.0","start_time_seconds":"1616809215","unity_version":"2020.2.4f1","command_line_arguments":"D:\\2020.2.4f1\\Editor\\Unity.exe -projectpath D:\/ReinforcmentRacingGit -useHub -hubIPC -cloudEnvironment production -hubSessionId 279da400-8817-11eb-b4c8-bd10c09febc2 -accessToken ZEJ1hV7QbNNNiYUmIu6iggvrgcjV2hwkd4tWcNc7tBA002f","communication_protocol_version":"1.0.0","com.unity.ml-agents_version":"1.0.7","scene_name":"Main 2","end_time_seconds":"1616816827"}}