{"count":1,"self":10498.1774336,"total":18313.5147898,"children":{"AgentSendState":{"count":1666934,"self":72.3361536,"total":2717.5473316,"children":{"CollectObservations":{"count":10001610,"self":36.796188799999996,"total":36.796187599999996,"children":null},"CollectDiscreteActionMasks":{"count":10001610,"self":11.262632,"total":11.2626323,"children":null},"AgentInfo.ToProto":{"count":10001610,"self":30.9775232,"total":2597.1523579,"children":{"GenerateSensorData":{"count":10001610,"self":115.0230272,"total":2566.1748344,"children":{"RayPerceptionSensor.Perceive":{"count":10001610,"self":2451.151872,"total":2451.1518093,"children":null}}}}}}},"DecideAction":{"count":1666934,"self":5086.1244416,"total":5086.1243106,"children":null},"AgentAct":{"count":1666934,"self":10.697489599999999,"total":10.6974898,"children":null},"AgentInfo.ToProto":{"count":3167,"self":0.0329241,"total":0.9672398,"children":{"GenerateSensorData":{"count":3167,"self":0.056829199999999996,"total":0.9343157,"children":{"RayPerceptionSensor.Perceive":{"count":3167,"self":0.8774865,"total":0.8774865,"children":null}}}}}},"gauges":{"Race.CumulativeReward":{"count":3167,"max":1631.07336,"min":-381.460724,"runningAverage":1300.8241,"value":1374.37781,"weightedAverage":1368.29431}},"metadata":{"timer_format_version":"0.1.0","start_time_seconds":"1617030183","unity_version":"2020.2.4f1","command_line_arguments":"D:\\2020.2.4f1\\Editor\\Unity.exe -projectpath D:\/ReinforcmentRacingGit -useHub -hubIPC -cloudEnvironment production -hubSessionId 143ec580-8fdb-11eb-b8e3-cfbd60158e7e -accessToken ojieQ3T5FcPYeMlkmbnNarIxwG5KMFXvsbkoq0KEfNY002f","communication_protocol_version":"1.0.0","com.unity.ml-agents_version":"1.0.7","scene_name":"Main 2","end_time_seconds":"1617048496"}}